Elizabeth,Abbas,9280545470,Elizabeth@Abbas.com
Jacinda,Abney,4279692583,Jacinda@Abney.com
Shonta,Acebedo,8834695100,Shonta@Acebedo.com
Dionne,Adamek,3416114085,Dionne@Adamek.com
Alba,Ader,5194654203,Alba@Ader.com
Tamekia,Ahlquist,7586529664,Tamekia@Ahlquist.com
Hilario,Aiello,1449432119,Hilario@Aiello.com
Chanell,Alamo,7333693628,Chanell@Alamo.com
Lino,Albertini,7835111508,Lino@Albertini.com
Efren,Aldape,9333561712,Efren@Aldape.com
Ione,Aldrete,8344691229,Ione@Aldrete.com
Graciela,Alfonso,3023195776,Graciela@Alfonso.com
Chia,Almanzar,4599326131,Chia@Almanzar.com
Shaunte,Almquist,7389606291,Shaunte@Almquist.com
Barney,Aman,8774838039,Barney@Aman.com
Camilla,Amaro,1897951955,Camilla@Amaro.com
Viviana,Amoroso,8188545994,Viviana@Amoroso.com
Ayana,Ang,5902002704,Ayana@Ang.com
Erick,Arai,7364322208,Erick@Arai.com
Rodney,Arbeiter,5288870024,Rodney@Arbeiter.com
Austin,Archibald,8218063284,Austin@Archibald.com
Joellen,Arehart,5372107077,Joellen@Arehart.com
Yoshie,Aube,3250416907,Yoshie@Aube.com
Davina,Bacon,5087181281,Davina@Bacon.com
Margarito,Baldon,1899113528,Margarito@Baldon.com
Warren,Barrio,2085692260,Warren@Barrio.com
Andree,Barwick,6406115217,Andree@Barwick.com
Ruth,Bascom,2821626533,Ruth@Bascom.com
Bernadette,Bazemore,2526251577,Bernadette@Bazemore.com
Tama,Beaufort,3728804684,Tama@Beaufort.com
Tashina,Beausoleil,5628558450,Tashina@Beausoleil.com
Jeraldine,Beecham,3389352887,Jeraldine@Beecham.com
Larraine,Belin,5831269186,Larraine@Belin.com
Eugenie,Belles,7574532106,Eugenie@Belles.com
Natisha,Belliveau,4851415327,Natisha@Belliveau.com
Elyse,Benavides,8800722886,Elyse@Benavides.com
Ola,Bendickson,1207090091,Ola@Bendickson.com
Genevie,Benedict,4674163265,Genevie@Benedict.com
Dirk,Bengston,5798266460,Dirk@Bengston.com
Jesica,Benware,4549171118,Jesica@Benware.com
Darwin,Berberich,6153195049,Darwin@Berberich.com
Roxanna,Berti,4471545850,Roxanna@Berti.com
Tabatha,Besecker,9728771279,Tabatha@Besecker.com
Viviana,Bickerstaff,2094607694,Viviana@Bickerstaff.com
Modesta,Birk,3946982196,Modesta@Birk.com
Kemberly,Blackford,1793534321,Kemberly@Blackford.com
Karla,Blakeslee,1412781141,Karla@Blakeslee.com
Josphine,Blunk,6255276234,Josphine@Blunk.com
January,Bob,6755447173,January@Bob.com
Jesus,Boddie,1684928309,Jesus@Boddie.com
Darcey,Boehman,4095504424,Darcey@Boehman.com
Forest,Borba,9433386022,Forest@Borba.com
Grisel,Borchardt,6657764007,Grisel@Borchardt.com
Miles,Bottomley,5287044443,Miles@Bottomley.com
Latrice,Bowe,7702757109,Latrice@Bowe.com
Jannette,Boyd,3589314087,Jannette@Boyd.com
Jerrod,Bozell,5141218353,Jerrod@Bozell.com
Katharine,Braatz,2964129175,Katharine@Braatz.com
Dixie,Brabant,9164720399,Dixie@Brabant.com
Kenny,Bracey,2749237464,Kenny@Bracey.com
Martin,Bradway,9320794063,Martin@Bradway.com
Kathaleen,Brammer,5935515925,Kathaleen@Brammer.com
Amina,Breunig,7538490056,Amina@Breunig.com
Adrian,Brink,9247477842,Adrian@Brink.com
Alvin,Britto,5713562152,Alvin@Britto.com
Gaynell,Brooks,3806838383,Gaynell@Brooks.com
George,Brubaker,5921255953,George@Brubaker.com
Elvia,Bruning,2478354133,Elvia@Bruning.com
Brande,Bucklin,2901348329,Brande@Bucklin.com
Theola,Burger,7475770358,Theola@Burger.com
Lavonne,Burlison,5621819741,Lavonne@Burlison.com
Vernell,Busick,3433832854,Vernell@Busick.com
Allena,Buswell,6223348947,Allena@Buswell.com
Concetta,Byler,6166142191,Concetta@Byler.com
Jacinda,Caffey,3378452625,Jacinda@Caffey.com
Elias,Cahill,9736099999,Elias@Cahill.com
Zonia,Callejas,4837391007,Zonia@Callejas.com
Penny,Camacho,2482752260,Penny@Camacho.com
Jaquelyn,Camarena,2470587222,Jaquelyn@Camarena.com
Shella,Candler,7666931781,Shella@Candler.com
Hope,Capello,7810118595,Hope@Capello.com
India,Capote,3805062579,India@Capote.com
Vonnie,Captain,3033164374,Vonnie@Captain.com
Vasiliki,Cardiel,2063569338,Vasiliki@Cardiel.com
Cristobal,Carlyle,3485914273,Cristobal@Carlyle.com
Larae,Carty,2952371379,Larae@Carty.com
Misha,Caso,3401897355,Misha@Caso.com
Shawnda,Casselman,6007867993,Shawnda@Casselman.com
Jolanda,Chancey,9683264117,Jolanda@Chancey.com
Albertine,Childress,2326077795,Albertine@Childress.com
Frank,Christofferse,8275221962,Frank@Christofferse.com
Teressa,Clemmer,2965470690,Teressa@Clemmer.com
Coleen,Cockett,6093956375,Coleen@Cockett.com
Galina,Cooley,4528209803,Galina@Cooley.com
Gala,Copas,4608255973,Gala@Copas.com
Loma,Coppage,9327003438,Loma@Coppage.com
Danna,Cork,6906380254,Danna@Cork.com
Bernadine,Corlew,7416603876,Bernadine@Corlew.com
Michal,Cornwall,7835828756,Michal@Cornwall.com
Jermaine,Cothern,4447920122,Jermaine@Cothern.com
Francesco,Cotnoir,1251182393,Francesco@Cotnoir.com
Emmy,Cousineau,3732016490,Emmy@Cousineau.com
Robbin,Creasy,4506667088,Robbin@Creasy.com
Adriene,Cremeans,6675944537,Adriene@Cremeans.com
Jenelle,Crim,1637441153,Jenelle@Crim.com
Benedict,Crippen,7097382457,Benedict@Crippen.com
Mario,Cuen,7661614065,Mario@Cuen.com
Pei,Culp,7709713931,Pei@Culp.com
Holli,Culpepper,1295061868,Holli@Culpepper.com
Jeni,Curnutt,2911283646,Jeni@Curnutt.com
Alla,Curro,5345529796,Alla@Curro.com
Margot,Cutsforth,1320992300,Margot@Cutsforth.com
Reid,Dansie,8837575856,Reid@Dansie.com
Luci,Das,8905898916,Luci@Das.com
Filiberto,Dauber,8764180192,Filiberto@Dauber.com
Kay,Dawdy,6088976542,Kay@Dawdy.com
Rozanne,Deacon,6481052641,Rozanne@Deacon.com
Oliva,Deans,5520449671,Oliva@Deans.com
Quinn,Dear,2842262427,Quinn@Dear.com
Erlinda,Defilippo,4786001077,Erlinda@Defilippo.com
Tanya,Demma,1327874066,Tanya@Demma.com
Lyndon,Deshon,3682575636,Lyndon@Deshon.com
Calista,Detty,2549293171,Calista@Detty.com
Bok,Dewitt,7011115459,Bok@Dewitt.com
Raymond,Dial,6504475384,Raymond@Dial.com
Laquita,Dines,7956026563,Laquita@Dines.com
Hyon,Ditty,5309191880,Hyon@Ditty.com
Delila,Dollar,7170063578,Delila@Dollar.com
Cody,Donat,3080733430,Cody@Donat.com
Scott,Donoghue,4676750944,Scott@Donoghue.com
Jerilyn,Dossey,1644749647,Jerilyn@Dossey.com
Della,Doung,3165411704,Della@Doung.com
Logan,Dowling,4019479217,Logan@Dowling.com
Chanelle,Dry,5283425129,Chanelle@Dry.com
Mika,Dubuisson,7479749367,Mika@Dubuisson.com
Tomeka,Duet,7710929120,Tomeka@Duet.com
Nova,Dufault,4055900727,Nova@Dufault.com
Malinda,Dumais,7938683351,Malinda@Dumais.com
Lionel,Dunleavy,8126644308,Lionel@Dunleavy.com
Bev,Dutil,1396331603,Bev@Dutil.com
Karoline,Eastin,1188137907,Karoline@Eastin.com
Yong,Eastwood,4694820049,Yong@Eastwood.com
Jodi,Eber,9078975124,Jodi@Eber.com
Dorthea,Edison,3193964018,Dorthea@Edison.com
Krysta,Ehmann,5036734834,Krysta@Ehmann.com
Brigitte,Ehrmann,9673644266,Brigitte@Ehrmann.com
Aubrey,Eiland,8812791105,Aubrey@Eiland.com
Jadwiga,Ellwood,8738176614,Jadwiga@Ellwood.com
Janene,Elmore,8475157169,Janene@Elmore.com
Fabiola,Elwell,9767368479,Fabiola@Elwell.com
Dionna,Ertl,4337826280,Dionna@Ertl.com
Tasha,Esslinger,6285227149,Tasha@Esslinger.com
Priscilla,Estabrook,1037554284,Priscilla@Estabrook.com
Lynn,Fetterolf,7447071484,Lynn@Fetterolf.com
Daphne,Fetty,2878458447,Daphne@Fetty.com
Kristin,Figueredo,3343006788,Kristin@Figueredo.com
Lisette,Finger,4486939954,Lisette@Finger.com
Lynn,Flamm,3060789395,Lynn@Flamm.com
Kristal,Flemister,2225579635,Kristal@Flemister.com
Nieves,Flett,9412579653,Nieves@Flett.com
Eden,Flor,1672986401,Eden@Flor.com
Thelma,Fobbs,9342518086,Thelma@Fobbs.com
Arica,Follis,2199115124,Arica@Follis.com
Faustino,Frank,3153143927,Faustino@Frank.com
Sena,Fraser,1276568719,Sena@Fraser.com
Tennie,Frierson,3479344958,Tennie@Frierson.com
Ned,Frisbie,3591481104,Ned@Frisbie.com
Ashlee,Fulmore,6693628895,Ashlee@Fulmore.com
Ellena,Fulop,8124990920,Ellena@Fulop.com
Flavia,Gaiser,7094461744,Flavia@Gaiser.com
Ciera,Galentine,8455452015,Ciera@Galentine.com
Todd,Garduno,7500442702,Todd@Garduno.com
Hue,Garnes,5571136659,Hue@Garnes.com
Keneth,Germann,2854622173,Keneth@Germann.com
Denyse,Gerrard,3049841933,Denyse@Gerrard.com
Sharolyn,Gierlach,2850465707,Sharolyn@Gierlach.com
Renea,Giffin,8836747626,Renea@Giffin.com
Estefana,Gilland,5079238656,Estefana@Gilland.com
Kristopher,Gillie,5034415782,Kristopher@Gillie.com
Aldo,Gladden,5979379867,Aldo@Gladden.com
Rosalva,Gladson,4539018163,Rosalva@Gladson.com
Bob,Glen,8174809175,Bob@Glen.com
Verlene,Gochenour,9704564503,Verlene@Gochenour.com
Maryln,Goheen,8009983185,Maryln@Goheen.com
Sandra,Gorrell,3796740383,Sandra@Gorrell.com
Kathe,Goucher,8459063795,Kathe@Goucher.com
Alejandra,Grauer,1052760780,Alejandra@Grauer.com
Foster,Greeson,8964860771,Foster@Greeson.com
Aleta,Greg,1983080914,Aleta@Greg.com
Lorita,Greig,7176424697,Lorita@Greig.com
Bruno,Gruver,7143919065,Bruno@Gruver.com
Chassidy,Guffey,5510432724,Chassidy@Guffey.com
Edris,Gurganus,7588179633,Edris@Gurganus.com
Irena,Gutowski,8525765587,Irena@Gutowski.com
Silvana,Harrod,6222671200,Silvana@Harrod.com
Inge,Harvell,8161645150,Inge@Harvell.com
Major,Harvey,5509092933,Major@Harvey.com
Ricki,Hatchell,1579267813,Ricki@Hatchell.com
Blythe,Hedden,8132647677,Blythe@Hedden.com
Ignacio,Heine,6668192939,Ignacio@Heine.com
Bruce,Heinecke,3196806278,Bruce@Heinecke.com
Bev,Heinrichs,6819994832,Bev@Heinrichs.com
Dante,Heise,3006299741,Dante@Heise.com
Elida,Henrich,9850890578,Elida@Henrich.com
Cruz,Henricksen,6823867566,Cruz@Henricksen.com
Erna,Henrickson,7698289403,Erna@Henrickson.com
Destiny,Hepp,9909381873,Destiny@Hepp.com
Ta,Herman,8549091509,Ta@Herman.com
Cole,Hermann,3168080705,Cole@Hermann.com
Adrien,Hermes,8132689358,Adrien@Hermes.com
Emanuel,Herold,7928557035,Emanuel@Herold.com
Jaqueline,Hersman,6630496457,Jaqueline@Hersman.com
Roxana,Hiebert,9722712485,Roxana@Hiebert.com
Michelina,Hinch,9833594770,Michelina@Hinch.com
Velda,Honn,7537146097,Velda@Honn.com
Trinity,Horrell,7661328720,Trinity@Horrell.com
Makeda,Hosier,3523404078,Makeda@Hosier.com
Ruthie,Hsu,5753948243,Ruthie@Hsu.com
Florentino,Huizenga,5373043081,Florentino@Huizenga.com
Iva,Hurless,6032711061,Iva@Hurless.com
Anh,Hutchison,8593585248,Anh@Hutchison.com
Renaldo,Hyler,7244942534,Renaldo@Hyler.com
Gema,Immel,6497127579,Gema@Immel.com
Renea,Irish,2593989292,Renea@Irish.com
Michaele,Isenhour,8638475818,Michaele@Isenhour.com
Alexandra,Issa,8992325543,Alexandra@Issa.com
Delphia,Jacome,2267929703,Delphia@Jacome.com
Barry,Jayne,5978358730,Barry@Jayne.com
Barbera,Jennette,8737307133,Barbera@Jennette.com
Stephan,Jinkins,8537042478,Stephan@Jinkins.com
Josiah,Kamerer,4647105935,Josiah@Kamerer.com
Burt,Kaminski,5836635658,Burt@Kaminski.com
Les,Kaminsky,7357291547,Les@Kaminsky.com
Shalon,Karam,3357811236,Shalon@Karam.com
Hermelinda,Keenum,9195589621,Hermelinda@Keenum.com
Armanda,Keithley,5869420175,Armanda@Keithley.com
Katherine,Kellerman,5909474422,Katherine@Kellerman.com
Loraine,Kenison,2534582625,Loraine@Kenison.com
Christiane,Kenley,2106153054,Christiane@Kenley.com
Darcey,Kohan,3697917146,Darcey@Kohan.com
Ricardo,Korn,4190042837,Ricardo@Korn.com
Shelby,Kothari,7896188847,Shelby@Kothari.com
Vanetta,Kotter,9041374181,Vanetta@Kotter.com
Nadia,Koziol,8042956528,Nadia@Koziol.com
Nakita,Kravetz,4727565496,Nakita@Kravetz.com
Dustin,Krum,7201082988,Dustin@Krum.com
Toccara,Kwiecien,7409503768,Toccara@Kwiecien.com
Tana,Lair,1768652155,Tana@Lair.com
Vernice,Lamoreaux,7598865847,Vernice@Lamoreaux.com
Selina,Lamp,4066047508,Selina@Lamp.com
Marna,Lan,9768071456,Marna@Lan.com
Versie,Landen,2081511283,Versie@Landen.com
Season,Lank,6322176632,Season@Lank.com
Ted,Lard,7037469498,Ted@Lard.com
Susann,Larocco,6282712251,Susann@Larocco.com
Javier,Lashley,8702769122,Javier@Lashley.com
Rozella,Leblanc,9646390498,Rozella@Leblanc.com
Kendal,Ledesma,9786995316,Kendal@Ledesma.com
Gennie,Leep,9459315750,Gennie@Leep.com
Katy,Leer,9565048881,Katy@Leer.com
Darren,Lefebvre,8150704370,Darren@Lefebvre.com
Delcie,Lehner,1714402518,Delcie@Lehner.com
Juliann,Leisy,3973939942,Juliann@Leisy.com
Oleta,Lembo,6862068063,Oleta@Lembo.com
Branden,Lepine,6853892913,Branden@Lepine.com
Bridgette,Leyden,4027626179,Bridgette@Leyden.com
Shay,Liao,4555750581,Shay@Liao.com
Reena,Lipe,8440328860,Reena@Lipe.com
Porter,Lorence,7482234609,Porter@Lorence.com
Nicol,Lounsbury,4918601230,Nicol@Lounsbury.com
Vita,Louviere,6184673867,Vita@Louviere.com
Ellie,Lucious,7728282096,Ellie@Lucious.com
Miss,Lukasiewicz,5847635536,Miss@Lukasiewicz.com
Shira,Lyle,3769910363,Shira@Lyle.com
Enedina,Lytton,3989865693,Enedina@Lytton.com
Tawanda,Macek,1350259746,Tawanda@Macek.com
Marcie,Madding,5879394543,Marcie@Madding.com
Carolin,Magness,7079491043,Carolin@Magness.com
Leanna,Mahony,3068312765,Leanna@Mahony.com
Huong,Maki,3900660516,Huong@Maki.com
Cecily,Manrique,4436573703,Cecily@Manrique.com
Lilian,Manson,5725180044,Lilian@Manson.com
Karolyn,Manzanares,4043331770,Karolyn@Manzanares.com
Giselle,Marcantonio,4287695652,Giselle@Marcantonio.com
Zelda,Markland,7436754397,Zelda@Markland.com
Benita,Markovich,1534120475,Benita@Markovich.com
Charmain,Marone,9857472795,Charmain@Marone.com
Orville,Marquart,5253883925,Orville@Marquart.com
Jessika,Martinez,2967662029,Jessika@Martinez.com
Monty,Maske,2518986952,Monty@Maske.com
Armandina,Masten,9405636216,Armandina@Masten.com
Tierra,Mater,8944066011,Tierra@Mater.com
Kortney,Mauk,7708792127,Kortney@Mauk.com
Almeda,Maus,4150001938,Almeda@Maus.com
Lakeisha,Mccleskey,9851394406,Lakeisha@Mccleskey.com
Geraldo,Mcclure,7864429507,Geraldo@Mcclure.com
Toney,Mccully,8124812681,Toney@Mccully.com
Gertrude,Mcfaddin,6378838315,Gertrude@Mcfaddin.com
Val,Mcgriff,7097130004,Val@Mcgriff.com
Alyce,Mcintosh,9112085638,Alyce@Mcintosh.com
Wendie,Mclaughlin,3038950275,Wendie@Mclaughlin.com
Danita,Mcmullen,6868398124,Danita@Mcmullen.com
Keila,Mcnatt,8834159912,Keila@Mcnatt.com
Mitsue,Mcnichols,9788968971,Mitsue@Mcnichols.com
Esmeralda,Mcquillan,9788435925,Esmeralda@Mcquillan.com
Shanna,Meldrum,4966589700,Shanna@Meldrum.com
Kendra,Melillo,9847999010,Kendra@Melillo.com
Regenia,Merrigan,5553225698,Regenia@Merrigan.com
Natalie,Messina,7452497886,Natalie@Messina.com
Charlyn,Michelle,4717368529,Charlyn@Michelle.com
Anya,Migues,2609645399,Anya@Migues.com
Jami,Miler,8812323789,Jami@Miler.com
Millard,Milford,3211036714,Millard@Milford.com
Muoi,Miltenberger,7877597485,Muoi@Miltenberger.com
Kayleen,Minich,2274714141,Kayleen@Minich.com
Federico,Mitten,4642469308,Federico@Mitten.com
Reinaldo,Moitoso,3848504675,Reinaldo@Moitoso.com
Eddy,Montana,1020439080,Eddy@Montana.com
Catheryn,Montanez,6812331203,Catheryn@Montanez.com
Azzie,Monzon,3646571091,Azzie@Monzon.com
Alina,Moon,2967963321,Alina@Moon.com
Halina,Moos,1006557058,Halina@Moos.com
Sherly,Moots,1415710296,Sherly@Moots.com
Michale,Mummert,4918950389,Michale@Mummert.com
Myrtie,Mungia,2619206520,Myrtie@Mungia.com
Franklyn,Munsterman,6746924762,Franklyn@Munsterman.com
Petra,Munsterman,6197892232,Petra@Munsterman.com
Glenda,Murdoch,1809856276,Glenda@Murdoch.com
Tobie,Musante,2130227133,Tobie@Musante.com
Renaldo,Mustain,1929279376,Renaldo@Mustain.com
Zina,Najera,7849027098,Zina@Najera.com
Adela,Nemeth,3713041352,Adela@Nemeth.com
Russel,Niemi,3548994176,Russel@Niemi.com
Isabel,Nocera,2904759344,Isabel@Nocera.com
Candelaria,Northam,7418704322,Candelaria@Northam.com
Burton,Nottage,5946850947,Burton@Nottage.com
Jacqueline,Oakes,9003932039,Jacqueline@Oakes.com
Earl,Oliveras,3909807497,Earl@Oliveras.com
Elfreda,Ollis,1608565600,Elfreda@Ollis.com
Mina,Ornellas,6353711568,Mina@Ornellas.com
Albert,Ortez,9567482264,Albert@Ortez.com
Sung,Outman,4305597312,Sung@Outman.com
Walton,Padula,2294997004,Walton@Padula.com
Germaine,Pai,4066456344,Germaine@Pai.com
Maryanne,Pajak,9849807450,Maryanne@Pajak.com
Rosalia,Palmquist,1119911422,Rosalia@Palmquist.com
Lilliana,Paterno,7192361398,Lilliana@Paterno.com
Gigi,Patrick,5153477260,Gigi@Patrick.com
Dorla,Peasley,8563393391,Dorla@Peasley.com
Shalon,Peele,4311986668,Shalon@Peele.com
Rogelio,Pendelton,9154565125,Rogelio@Pendelton.com
Yoko,Philipps,5892547205,Yoko@Philipps.com
Raye,Phu,5766950898,Raye@Phu.com
Vernice,Piermarini,4894751894,Vernice@Piermarini.com
Michell,Pifer,6682431984,Michell@Pifer.com
Robt,Pineau,4902918912,Robt@Pineau.com
Eneida,Piner,3125887775,Eneida@Piner.com
Adrien,Pinnix,8617392787,Adrien@Pinnix.com
Chance,Pitcock,7340313003,Chance@Pitcock.com
Rene,Pokorny,3254216095,Rene@Pokorny.com
Chrissy,Poling,6197725065,Chrissy@Poling.com
Diann,Politte,7446243511,Diann@Politte.com
Bobbye,Portugal,6171585416,Bobbye@Portugal.com
Violet,Pratts,6532454394,Violet@Pratts.com
Elwood,Pride,9119546959,Elwood@Pride.com
Thi,Prigge,6508708448,Thi@Prigge.com
Raeann,Prisbrey,7888436066,Raeann@Prisbrey.com
Inge,Procopio,9118622423,Inge@Procopio.com
Christina,Pruett,2046495047,Christina@Pruett.com
Heather,Pulaski,3160396130,Heather@Pulaski.com
Gwyn,Purcell,7048350200,Gwyn@Purcell.com
Anissa,Railsback,2772640386,Anissa@Railsback.com
Quintin,Rasnick,5506031955,Quintin@Rasnick.com
Douglas,Redel,6200627002,Douglas@Redel.com
Quinton,Reding,8870543538,Quinton@Reding.com
Lorilee,Rega,1335987170,Lorilee@Rega.com
Sudie,Reif,9787857522,Sudie@Reif.com
Chantay,Rembert,3069781741,Chantay@Rembert.com
Malcom,Remus,8309485242,Malcom@Remus.com
Jules,Rentz,8051342811,Jules@Rentz.com
Paris,Ridley,8423104476,Paris@Ridley.com
Deedee,Ridout,4646104665,Deedee@Ridout.com
Ardelle,Robitaille,6341105285,Ardelle@Robitaille.com
Justine,Rocheleau,5314901258,Justine@Rocheleau.com
Janice,Rockett,6628114586,Janice@Rockett.com
Susie,Rodarte,2620861754,Susie@Rodarte.com
Destiny,Roeser,8819035776,Destiny@Roeser.com
Mariam,Rogowski,6310408510,Mariam@Rogowski.com
Kala,Rothermel,7429098327,Kala@Rothermel.com
Lashanda,Rothman,8999634978,Lashanda@Rothman.com
Dani,Rozar,2482689237,Dani@Rozar.com
Nora,Ruck,4447182724,Nora@Ruck.com
Alvaro,Ruffner,5145948977,Alvaro@Ruffner.com
Annett,Rundle,5355881693,Annett@Rundle.com
Roscoe,Rybak,8104736851,Roscoe@Rybak.com
Charleen,Ryer,8248432964,Charleen@Ryer.com
Mariette,Ryland,6037778544,Mariette@Ryland.com
Darrell,Sala,9209087224,Darrell@Sala.com
May,Salley,6478459309,May@Salley.com
Noelia,Salsbury,2689929839,Noelia@Salsbury.com
Andria,Sama,3275718276,Andria@Sama.com
Shira,Sandhu,6495940605,Shira@Sandhu.com
Will,Sandstrom,4211643660,Will@Sandstrom.com
France,Sanjuan,2007816278,France@Sanjuan.com
Maryjane,Sanon,3242656181,Maryjane@Sanon.com
Bethann,Santora,5035957834,Bethann@Santora.com
Terrance,Sarles,6592977460,Terrance@Sarles.com
Jeanelle,Sarris,8350758987,Jeanelle@Sarris.com
Alissa,Sautter,1108415122,Alissa@Sautter.com
Blanche,Schauer,6102071317,Blanche@Schauer.com
Evan,Schenkel,6474919887,Evan@Schenkel.com
Hsiu,Schepis,9794689389,Hsiu@Schepis.com
Laraine,Schexnayder,3178646897,Laraine@Schexnayder.com
Yon,Scully,6486479396,Yon@Scully.com
Wanita,Sealy,6889973887,Wanita@Sealy.com
Karla,Sedlak,1797263174,Karla@Sedlak.com
Joey,Sevier,3341276979,Joey@Sevier.com
Donnette,Seville,8856612568,Donnette@Seville.com
Signe,Sheehy,1953959936,Signe@Sheehy.com
Cherie,Sherk,3323418059,Cherie@Sherk.com
Contessa,Sherk,6607966269,Contessa@Sherk.com
Estela,Shewmaker,9050067017,Estela@Shewmaker.com
Ray,Shi,4627335925,Ray@Shi.com
Emmaline,Shotts,1569879232,Emmaline@Shotts.com
Eufemia,Sidler,3435115110,Eufemia@Sidler.com
Corazon,Sikorski,8883395213,Corazon@Sikorski.com
Barry,Siple,4542527815,Barry@Siple.com
Mirian,Six,1252782116,Mirian@Six.com
Jude,Sjogren,3503563631,Jude@Sjogren.com
Carmon,Sneed,2494765927,Carmon@Sneed.com
Sheilah,Solorio,2558808967,Sheilah@Solorio.com
Loura,Sonntag,8615271539,Loura@Sonntag.com
Meghan,Souliere,4544570849,Meghan@Souliere.com
Alexia,Spiegel,8993292621,Alexia@Spiegel.com
Aliza,Spillane,4187675911,Aliza@Spillane.com
Digna,Spradlin,1477305030,Digna@Spradlin.com
Maybelle,Stellhorn,5975701314,Maybelle@Stellhorn.com
Bertram,Stepney,2168872351,Bertram@Stepney.com
Lakesha,Stiffler,8423607517,Lakesha@Stiffler.com
Cleta,Still,3095310652,Cleta@Still.com
Letha,Stodola,7957692092,Letha@Stodola.com
Jeanette,Stratman,9000307987,Jeanette@Stratman.com
Marinda,Strey,2571204951,Marinda@Strey.com
Jettie,Strom,8950196880,Jettie@Strom.com
Andre,Strosnider,5093243825,Andre@Strosnider.com
Emilie,Stroup,5822428171,Emilie@Stroup.com
Leticia,Strub,9932350345,Leticia@Strub.com
Cheryle,Strunk,3708151295,Cheryle@Strunk.com
Myrna,Studer,8641569844,Myrna@Studer.com
Darrin,Stutzman,9723117365,Darrin@Stutzman.com
Son,Surette,6407807925,Son@Surette.com
Shelley,Sylvestre,4095757284,Shelley@Sylvestre.com
Viki,Symonds,6228213266,Viki@Symonds.com
Nohemi,Tarnowski,1506354953,Nohemi@Tarnowski.com
Adriana,Teague,4869068988,Adriana@Teague.com
Mathew,Tenorio,4510673826,Mathew@Tenorio.com
Timika,Tew,8324797423,Timika@Tew.com
Freddie,Tews,1718699547,Freddie@Tews.com
Terra,Tindel,4850671381,Terra@Tindel.com
Danette,Tito,2904659729,Danette@Tito.com
Dean,Toepfer,8587881313,Dean@Toepfer.com
Jenine,Torina,8571489391,Jenine@Torina.com
Detra,Tosh,3626533153,Detra@Tosh.com
Shayla,Touchette,6221289507,Shayla@Touchette.com
Rosa,Tressler,6745927949,Rosa@Tressler.com
Shawanna,Trotta,1989497323,Shawanna@Trotta.com
Carson,Tsai,9222880093,Carson@Tsai.com
Keva,Vaz,7226038553,Keva@Vaz.com
Laverne,Vena,3064530754,Laverne@Vena.com
Dottie,Vento,3204328617,Dottie@Vento.com
Carlena,Veres,7296363279,Carlena@Veres.com
Wade,Vernon,4233902186,Wade@Vernon.com
Merilyn,Vest,2630750392,Merilyn@Vest.com
Odessa,Visitacion,7289918236,Odessa@Visitacion.com
Kelli,Vitale,3581803031,Kelli@Vitale.com
Adela,Vogler,6479871152,Adela@Vogler.com
Marlena,Vreeland,1325701411,Marlena@Vreeland.com
Sage,Waller,5475733389,Sage@Waller.com
Chanel,Waltz,3037634440,Chanel@Waltz.com
Odell,Wanamaker,3814930384,Odell@Wanamaker.com
Beverly,Watley,8470521159,Beverly@Watley.com
Lorrie,Weddle,9509214210,Lorrie@Weddle.com
Cassondra,Wethington,9977471746,Cassondra@Wethington.com
Blondell,Whaley,8319995448,Blondell@Whaley.com
Lilli,Whiddon,6056432694,Lilli@Whiddon.com
Yevette,Whiteford,9587261702,Yevette@Whiteford.com
Signe,Whitman,2104538726,Signe@Whitman.com
Maira,Wildermuth,4480432522,Maira@Wildermuth.com
Darin,Wilkerson,2532787530,Darin@Wilkerson.com
Shanika,Wille,2703083947,Shanika@Wille.com
Ashanti,Williamson,8374915566,Ashanti@Williamson.com
Karrie,Willison,7681196312,Karrie@Willison.com
Gilberte,Wilt,9082930899,Gilberte@Wilt.com
Theron,Wimer,7393586423,Theron@Wimer.com
Edyth,Wooley,1889574944,Edyth@Wooley.com
Jamar,Worth,4410824036,Jamar@Worth.com
Ardella,Yap,5887168669,Ardella@Yap.com
Dorene,Yarnell,4135137956,Dorene@Yarnell.com
Belle,Zeitler,9320055430,Belle@Zeitler.com
Melodee,Zwilling,3276472458,Melodee@Zwilling.com
